<?xml version="1.0"?>
<pagescount>
	<html_total>7</html_total>
	<html_done>7</html_done>
	<images>41</images>
	<script>16</script>
	<css>10</css>
	<pdf/>
	<documents/>
	<excel/>
	<powerpoint/>
	<flash/>
	<audios/>
	<videos/>
	<xml/>
	<json/>
	<txt/>
	<autocad/>
	<fonts/>
	<scraping_reload>1</scraping_reload>
	<is_pretty_url>false</is_pretty_url>
	<is_ebn>false</is_ebn>
	<email>obywatele37@gmail.com</email>
	<theme_name>WmdTheme466082</theme_name>
	<server_url_front_page>https://www6.waybackmachinedownloader.com/wdo/files/demo/painexist.gg_obywatele37_gmail.com_c6hdcek009/</server_url_front_page>
	<no_www_url>painexist.gg</no_www_url>
	<hosted_domain/>
	<original_archive_url>https://painexist.gg</original_archive_url>
	<final_archive_url>https://painexist.gg/</final_archive_url>
	<front_page_code_date/>
	<total_urls_from_api/>
	<max_reached_live>false</max_reached_live>
	<scrape_other_captures>false</scrape_other_captures>
	<total_size>2012</total_size>
</pagescount>
